{"Regression": 0.5952177243436325, "DecisionTree": 0.9898875753361149, "RandomForest": 0.9931907742234585, "GradientBoosting": 0.9884098284654613, "AdaBoost": 0.986048331015299, "GNB": 0.7017993741307371, "k-NN": 0.9562962185543171}