{"Regression": 0.5952177243421146, "DecisionTree": 0.9897137227630969, "RandomForest": 0.9930024339360223, "GradientBoosting": 0.9884098284654613, "AdaBoost": 0.986048331015299, "GNB": 0.7017993741307371, "k-NN": 0.9562962185543171}